asin,name,date

B0BQ3LCF2S,Here are the transformed raw product information into high-retention content:,2026-07-18 03:06:27
B0FMDL81GS,Buds That Last All Day,2026-07-18 08:07:03
B0C6MR26B7,Portable Party in Your Hand,2026-07-18 14:06:24
B09ZTKYLSH,Portable CD Boombox Revolution,2026-07-18 21:02:27
B0H3V8GS5P,Sound Up Your Life Instantly,2026-07-19 03:07:00
B0DY2SWV16,WAKE UP TO YOUR BEST SELF,2026-07-19 08:06:10
B00MFNJKJ2,Portable Powerhouse for Your Home,2026-07-19 08:26:41
B0CP3TKZZH,"Silent Landline, Loud Problem Solved",2026-07-19 13:11:26
B0CQ4GWZF9,"Find Anything, Lose Nothing",2026-07-19 18:58:15
B0CQRNWJM2,"Sleek Wireless Mouse, Less Hassle",2026-07-19 14:07:19
B0FC2Z19RX,Best Earbuds for Clear Calls,2026-07-20 03:07:32
B0DNFSYJ23,Unleash Double Storage Power,2026-07-20 08:07:10
B0DHG4ZPGV,Unlock Your Old Photos,2026-07-20 14:06:29
B0GXBJ3658,Immersive Audio on the Go,2026-07-21 03:07:14
B07VRYL9K9,Bring Back Memories,2026-07-21 08:07:30
B082LSVT4B,1. Unbreakable Phone Cable,2026-07-21 15:37:03
B0GWDCM82P,"Ears Open, World Unlocked",2026-07-22 02:37:04
B0DL3CH93D,1. Wireless Car Freedom,2026-07-22 08:37:43
B0C497MSQN,Smart Watch That Never Dies,2026-07-22 13:38:18
B0BJ72WZQ7,Smart Watch Your Fitness BFF,2026-07-23 01:37:32
B0DZNZWMF1,Protect Your Adventure Essentials,2026-07-23 07:36:58
B0D2R2MXXJ,Supercharge Your Day,2026-07-23 11:36:51
B0DB269JKH,Car Safe Phone Holder Hack,2026-07-23 15:37:31
B077CQ6H8L,Secure Your Home with Ease,2026-07-24 00:37:09
B0F2N1VYJB,See Everything Clearly with Ease,2026-07-24 06:36:45
B08MY7N27N,"1. Fitbit Case, Finally Safe!",2026-07-24 10:37:31
B08LHTJTBB,"Fix Your Posture, Boost Your Life",2026-07-24 15:38:08
B0DGTSRX3R,Unleash Your Gaming Beast Mode,2026-07-25 04:37:37
B08MCD9JFY,Perfect Glow in Every Shot,2026-07-25 08:37:25
B0B6HM36Z8,Car Mount Your Smart Life,2026-07-25 14:36:59
B09SLRXXRF,Protect Your Lens in Style Always,2026-07-26 04:37:02
B0G24TJ9FQ,Here are the transformed raw product information into high-retention content:,2026-07-26 08:37:09
B0G5NZ82TJ,Get Ready for Instant Fun,2026-07-26 14:37:19
B0F8N74NVN,Home Cinema in Your Hands,2026-07-27 06:37:11
B083BYY27T,"Phone on Bike, Safety First Always",2026-07-27 10:39:01
MANUAL,Unleash Limitless Gaming Power,2026-07-27 11:41:54
B0C2RZYDQN,"Wake Up Smarter, Not Harder.",2026-07-27 13:26:03
B0B8PDHRWY,Zoom in on life,2026-07-27 13:35:34
B0F9LKX5XG,Dust Demons Be Gone Fast,2026-07-27 19:14:55
B07DRP4N1P,Home Theater Magic in Minutes,2026-07-28 01:38:35
